[
  {
    "연도": 2020,
    "국가": "중국",
    "지역": "베이징",
    "위도": 39.9042,
    "경도": 116.4074,
    "오염물질": "NOx",
    "유출량(t)": 23450.6
  },
  {
    "연도": 2020,
    "국가": "미국",
    "지역": "로스앤젤레스",
    "위도": 34.0522,
    "경도": -118.2437,
    "오염물질": "PM2.5",
    "유출량(t)": 8970.2
  },
  {
    "연도": 2021,
    "국가": "대한민국",
    "지역": "서울",
    "위도": 37.5665,
    "경도": 126.9780,
    "오염물질": "SO2",
    "유출량(t)": 1430.9
  },
  {
    "연도": 2021,
    "국가": "인도",
    "지역": "델리",
    "위도": 28.7041,
    "경도": 77.1025,
    "오염물질": "CO",
    "유출량(t)": 18200.3
  }
]
[
  {
    "연도": 2000,
    "국가": "대한민국",
    "지역": "전국",
    "위도": 36.5,
    "경도": 127.5,
    "오염물질_유출량_kl": 210.3,
    "해양오염_발생건수": 180,
    "폐기물_수거량_톤": 45.2,
    "폐유_수거량_kl": 90.1
  },
  {
    "연도": 2001,
    "국가": "대한민국",
    "지역": "전국",
    "위도": 36.5,
    "경도": 127.5,
    "오염물질_유출량_kl": 198.5,
    "해양오염_발생건수": 190,
    "폐기물_수거량_톤": 47.6,
    "폐유_수거량_kl": 85.3
  },
  {
    "연도": 2002,
    "국가": "대한민국",
    "지역": "전국",
    "위도": 36.5,
    "경도": 127.5,
    "오염물질_유출량_kl": 215.9,
    "해양오염_발생건수": 200,
    "폐기물_수거량_톤": 50.1,
    "폐유_수거량_kl": 92.7
  },
  {
    "연도": 2003,
    "국가": "대한민국",
    "지역": "전국",
    "위도": 36.5,
    "경도": 127.5,
    "오염물질_유출량_kl": 230.7,
    "해양오염_발생건수": 205,
    "폐기물_수거량_톤": 55.8,
    "폐유_수거량_kl": 88.5
  },
  {
    "연도": 2004,
    "국가": "대한민국",
    "지역": "전국",
    "위도": 36.5,
    "경도": 127.5,
    "오염물질_유출량_kl": 260.4,
    "해양오염_발생건수": 220,
    "폐기물_수거량_톤": 60.4,
    "폐유_수거량_kl": 95.2
  },
  {
    "연도": 2005,
    "국가": "대한민국",
    "지역": "전국",
    "위도": 36.5,
    "경도": 127.5,
    "오염물질_유출량_kl": 240.2,
    "해양오염_발생건수": 230,
    "폐기물_수거량_톤": 65.7,
    "폐유_수거량_kl": 89.9
  },
  {
    "연도": 2006,
    "국가": "대한민국",
    "지역": "전국",
    "위도": 36.5,
    "경도": 127.5,
    "오염물질_유출량_kl": 275.1,
    "해양오염_발생건수": 240,
    "폐기물_수거량_톤": 68.9,
    "폐유_수거량_kl": 102.3
  },
  {
    "연도": 2007,
    "국가": "대한민국",
    "지역": "전국",
    "위도": 36.5,
    "경도": 127.5,
    "오염물질_유출량_kl": 298.4,
    "해양오염_발생건수": 245,
    "폐기물_수거량_톤": 72.5,
    "폐유_수거량_kl": 107.8
  },
  {
    "연도": 2008,
    "국가": "대한민국",
    "지역": "전국",
    "위도": 36.5,
    "경도": 127.5,
    "오염물질_유출량_kl": 320.6,
    "해양오염_발생건수": 250,
    "폐기물_수거량_톤": 74.3,
    "폐유_수거량_kl": 98.6
  },
  {
    "연도": 2009,
    "국가": "대한민국",
    "지역": "전국",
    "위도": 36.5,
    "경도": 127.5,
    "오염물질_유출량_kl": 335.7,
    "해양오염_발생건수": 260,
    "폐기물_수거량_톤": 77.1,
    "폐유_수거량_kl": 106.1
  },
  {
    "연도": 2010,
    "국가": "대한민국",
    "지역": "전국",
    "위도": 36.5,
    "경도": 127.5,
    "오염물질_유출량_kl": 355.2,
    "해양오염_발생건수": 270,
    "폐기물_수거량_톤": 80.6,
    "폐유_수거량_kl": 110.3
  },
  {
    "연도": 2011,
    "국가": "대한민국",
    "지역": "전국",
    "위도": 36.5,
    "경도": 127.5,
    "오염물질_유출량_kl": 370.1,
    "해양오염_발생건수": 275,
    "폐기물_수거량_톤": 82.4,
    "폐유_수거량_kl": 113.5
  },
  {
    "연도": 2012,
    "국가": "대한민국",
    "지역": "전국",
    "위도": 36.5,
    "경도": 127.5,
    "오염물질_유출량_kl": 380.9,
    "해양오염_발생건수": 280,
    "폐기물_수거량_톤": 84.2,
    "폐유_수거량_kl": 117.2
  },
  {
    "연도": 2013,
    "국가": "대한민국",
    "지역": "전국",
    "위도": 36.5,
    "경도": 127.5,
    "오염물질_유출량_kl": 392.3,
    "해양오염_발생건수": 290,
    "폐기물_수거량_톤": 86.7,
    "폐유_수거량_kl": 120.6
  },
  {
    "연도": 2014,
    "국가": "대한민국",
    "지역": "전국",
    "위도": 36.5,
    "경도": 127.5,
    "오염물질_유출량_kl": 408.5,
    "해양오염_발생건수": 300,
    "폐기물_수거량_톤": 88.9,
    "폐유_수거량_kl": 125.0
  },
  {
    "연도": 2015,
    "국가": "대한민국",
    "지역": "전국",
    "위도": 36.5,
    "경도": 127.5,
    "오염물질_유출량_kl": 420.2,
    "해양오염_발생건수": 310,
    "폐기물_수거량_톤": 91.2,
    "폐유_수거량_kl": 129.3
  },
  {
    "연도": 2016,
    "국가": "대한민국",
    "지역": "전국",
    "위도": 36.5,
    "경도": 127.5,
    "오염물질_유출량_kl": 437.6,
    "해양오염_발생건수": 320,
    "폐기물_수거량_톤": 94.5,
    "폐유_수거량_kl": 133.1
  },
  {
    "연도": 2017,
    "국가": "대한민국",
    "지역": "전국",
    "위도": 36.5,
    "경도": 127.5,
    "오염물질_유출량_kl": 452.1,
    "해양오염_발생건수": 330,
    "폐기물_수거량_톤": 96.8,
    "폐유_수거량_kl": 137.0
  },
  {
    "연도": 2018,
    "국가": "대한민국",
    "지역": "전국",
    "위도": 36.5,
    "경도": 127.5,
    "오염물질_유출량_kl": 470.9,
    "해양오염_발생건수": 340,
    "폐기물_수거량_톤": 99.3,
    "폐유_수거량_kl": 140.5
  },
  {
    "연도": 2019,
    "국가": "대한민국",
    "지역": "전국",
    "위도": 36.5,
    "경도": 127.5,
    "오염물질_유출량_kl": 485.7,
    "해양오염_발생건수": 350,
    "폐기물_수거량_톤": 102.1,
    "폐유_수거량_kl": 145.0
  },
  {
    "연도": 2020,
    "국가": "대한민국",
    "지역": "전국",
    "위도": 36.5,
    "경도": 127.5,
    "오염물질_유출량_kl": 500.3,
    "해양오염_발생건수": 360,
    "폐기물_수거량_톤": 105.5,
    "폐유_수거량_kl": 149.3
  },
  {
    "연도": 2021,
    "국가": "대한민국",
    "지역": "전국",
    "위도": 36.5,
    "경도": 127.5,
    "오염물질_유출량_kl": 515.6,
    "해양오염_발생건수": 370,
    "폐기물_수거량_톤": 107.9,
    "폐유_수거량_kl": 153.6
  },
  {
    "연도": 2022,
    "국가": "대한민국",
    "지역": "전국",
    "위도": 36.5,
    "경도": 127.5,
    "오염물질_유출량_kl": 528.7,
    "해양오염_발생건수": 380,
    "폐기물_수거량_톤": 110.2,
    "폐유_수거량_kl": 157.9
  },
  {
    "연도": 2023,
    "국가": "대한민국",
    "지역": "전국",
    "위도": 36.5,
    "경도": 127.5,
    "오염물질_유출량_kl": 540.1,
    "해양오염_발생건수": 390,
    "폐기물_수거량_톤": 113.7,
    "폐유_수거량_kl": 161.4
  },
  {
    "연도": 2024,
    "국가": "대한민국",
    "지역": "전국",
    "위도": 36.5,
    "경도": 127.5,
    "오염물질_유출량_kl": 555.3,
    "해양오염_발생건수": 395,
    "폐기물_수거량_톤": 116.0,
    "폐유_수거량_kl": 165.8
  },
  {
    "연도": 2025,
    "국가": "대한민국",
    "지역": "전국",
    "위도": 36.5,
    "경도": 127.5,
    "오염물질_유출량_kl": 570.8,
    "해양오염_발생건수": 400,
    "폐기물_수거량_톤": 119.5,
    "폐유_수거량_kl": 170.1
  }
]

