[{"오염물질 유출량(kl)":"369.1","기준년도":"2011","해양오염 발생건수":"287","폐기물 수거량(톤)":"75.8","폐유 수거량(kl)":"114.6"},{"오염물질 유출량(kl)":"418.7","기준년도":"2012","해양오염 발생건수":"253","폐기물 수거량(톤)":"157.4","폐유 수거량(kl)":"451.4"},{"오염물질 유출량(kl)":"635","기준년도":"2013","해양오염 발생건수":"252","폐기물 수거량(톤)":"100.1","폐유 수거량(kl)":"43.1"},{"오염물질 유출량(kl)":"2001.4","기준년도":"2014","해양오염 발생건수":"215","폐기물 수거량(톤)":"3872","폐유 수거량(kl)":"2141.9"},{"오염물질 유출량(kl)":"464.1","기준년도":"2015","해양오염 발생건수":"250","폐기물 수거량(톤)":"1567.7","폐유 수거량(kl)":"31.9"},{"오염물질 유출량(kl)":"277.7","기준년도":"2016","해양오염 발생건수":"264","폐기물 수거량(톤)":"779.8","폐유 수거량(kl)":"34.4"},{"오염물질 유출량(kl)":"229.9","기준년도":"2017","해양오염 발생건수":"271","폐기물 수거량(톤)":"151.3","폐유 수거량(kl)":"21.1"},{"오염물질 유출량(kl)":"250.9","기준년도":"2018","해양오염 발생건수":"288","폐기물 수거량(톤)":"219.8","폐유 수거량(kl)":"104.9"},{"오염물질 유출량(kl)":"147.9","기준년도":"2019","해양오염 발생건수":"296","폐기물 수거량(톤)":"156.8","폐유 수거량(kl)":"46.2"},{"오염물질 유출량(kl)":"770.3","기준년도":"2020","해양오염 발생건수":"254","폐기물 수거량(톤)":"78.8","폐유 수거량(kl)":"26.4"},{"오염물질 유출량(kl)":"312.8","기준년도":"2021","해양오염 발생건수":"247","폐기물 수거량(톤)":"272.7","폐유 수거량(kl)":"40"}]