[{"오염물질 유출량(kl)":"369.1","해양오염 발생건수":"287","폐기물 수거량(톤)":"75.8","연도":"2011","폐유 수거량(kl)":"114.6"},{"오염물질 유출량(kl)":"418.7","해양오염 발생건수":"253","폐기물 수거량(톤)":"157.4","연도":"2012","폐유 수거량(kl)":"451.4"},{"오염물질 유출량(kl)":"635","해양오염 발생건수":"252","폐기물 수거량(톤)":"100.1","연도":"2013","폐유 수거량(kl)":"43.1"},{"오염물질 유출량(kl)":"2001.4","해양오염 발생건수":"215","폐기물 수거량(톤)":"3872","연도":"2014","폐유 수거량(kl)":"2141.9"},{"오염물질 유출량(kl)":"439.5","해양오염 발생건수":"250","폐기물 수거량(톤)":"1567.7","연도":"2015","폐유 수거량(kl)":"31.9"},{"오염물질 유출량(kl)":"277.7","해양오염 발생건수":"264","폐기물 수거량(톤)":"779.8","연도":"2016","폐유 수거량(kl)":"34.4"},{"오염물질 유출량(kl)":"229.9","해양오염 발생건수":"271","폐기물 수거량(톤)":"151.3","연도":"2017","폐유 수거량(kl)":"21.1"},{"오염물질 유출량(kl)":"250.9","해양오염 발생건수":"288","폐기물 수거량(톤)":"224.8","연도":"2018","폐유 수거량(kl)":"104.9"},{"오염물질 유출량(kl)":"147.9","해양오염 발생건수":"296","폐기물 수거량(톤)":"156.8","연도":"2019","폐유 수거량(kl)":"46.2"},{"오염물질 유출량(kl)":"770.3","해양오염 발생건수":"254","폐기물 수거량(톤)":"78.8","연도":"2020","폐유 수거량(kl)":"26.4"},{"오염물질 유출량(kl)":"312.8","해양오염 발생건수":"247","폐기물 수거량(톤)":"272.7","연도":"2021","폐유 수거량(kl)":"40"},{"오염물질 유출량(kl)":"314.5","해양오염 발생건수":"206","폐기물 수거량(톤)":"141.8","연도":"2022","폐유 수거량(kl)":"10.4"}]